mu_11_bgm02_clear#0,"""Road to Next Adventures"""
mu_11_bgm02_ct#0,"""Central City"""
mu_11_bgm02_cte#0,"""Exigency"""
mu_11_bgm02_sc#0,"""Aelio Town"""
mu_11_bgm02_tcc01#0,"""Trainia - Cocoon"""
mu_11_bgm02_ttw01#0,"""Trainia - Tower"""
mu_11_bgm02_tccs#0,"""Trainia - Cocoon - Success"""
mu_11_bgm02_tccf#0,"""Trainia - Cocoon - Failed"""
mu_11_bgm02_ttcs#0,"""Trainia - Tower - Success"""
mu_11_bgm02_ttcf#0,"""Trainia - Tower - Failed"""
mu_11_bgm02_twp01#0,"""Trainia - Cocoon - Stand-by"""
mu_11_bgm02_twp02#0,"""Trainia - Tower - Stand-by"""
mu_11_bgm02_cl#0,"""A Leader's Dignity"""
mu_11_bgm02_rg01_01#0,"""Winds of Aelio"""
mu_11_bgm02_rg01_02#0,"""Vanford Laboratory Ruins"""
mu_11_bgm02_rg01_03#0,"""Resol Forest"""
mu_11_bgm02_rg01_04#0,"""Lake Halphiria - Scenery"""
mu_11_bgm02_rg01_05#0,"""Winds of Aelio"""
mu_11_bgm02_rg01_06#0,"""Mt. Magnus"""
mu_11_bgm02_boss_e01sb#0,"""Preparation for Battle"""
mu_11_bgm02_boss_m01#0,"""First Blow"""
mu_11_bgm02_boss_b01#0,"""Uphill Struggle"""
mu_11_bgm02_boss_e01#0,"""Uphill Struggle - Pedas Vera"""
mu_11_bgm02_enemy_st#0,"""Formidable Gigantix"""
mu_11_bgm02_boss_f01#0,"""Dark Falz - First Contact"""
mu_11_bgm02_boss_ne#0,"""Growl from the Blazing Sky - Nex Aelio"""
mu_11_bgm02_boss_nea#0,"""Growl from the Blazing Sky - Nex Vera"""
mu_11_bgm02_qw01#0,"""Reach the Enemy"""
mu_11_bgm02_defense_1_before#0,"""Resonant Arms - Waiting for Battle"""
mu_11_bgm02_defense_1#0,"""Resonant Arms 1"""
mu_11_bgm02_defense_1_clear#0,"""Resonant Arms - Quest Clear"""
11_bgm02_defense_1_plg#0,"""Prologue to the New Defense Battle"""
mu_11_bgm02_ct_r01#0,"""Retem City - Where the Sound Vanished"""
mu_11_bgm02_ct_r02#0,"""Retem City"""
mu_11_bgm01_col_rg02_cave#0,"""Amduscia - Volcanic Cave"""
11_bgm02_col_st_001#0,"""Dive into the World"""
11_bgm02_col_st_002#0,"""The whole new world"""
11_bgm02_col_st_003#0,"""Devastated Aelio Town"""
mu_11_bgm01_col_rg02_wopal3#0,"""Wopal - Facility"""
mu_11_bgm01_col_rg02_desert#0,"""Lillipa - Desert"""
11_bgm02_col_rg02_03#0,"""Motavia"""
11_bgm02_col_rg02_04#0,"""Moatoob"""
11_bgm02_col_rg02_06#0,"""Dagora City -Moatoob-"""
11_bgm02_col_rg02_07#0,"""Paracabana Coast -pMIX-"""
11_bgm02_col_rg02_08#0,"""Galenigare Mine"""
11_bgm02_col_rg02_10#0,"""Kugu Desert"""
mu_11_bgm02_rg02_01#0,"""Retem Atmosphere"""
mu_11_bgm02_rg02_02#0,"""North Retem - Night -"""
mu_11_bgm02_rg02_03#0,"""Retem Alnothe"""
mu_11_bgm02_rg02_04#0,"""Inside the Rwh Maqead"""
mu_11_bgm02_boss_rg02_m01#0,"""Blink"""
mu_11_bgm02_boss_rg02_b01#0,"""Reverberation"""
mu_11_bgm02_boss_rg02_rr#0,"""Flare - Renus Retem"""
11_bgm02_clear_stream#0,"""Road to Next Adventures"""
mu_11_bgm02_boss_f_sb#0,"""A Sign of Dark Falz"""
mu_11_bgm02_boss_f02#0,"""Dark Falz - Second Invasion"""
mu_11_bgm02_twp03#0,"""Trainia - Trinitas - Stand-by"""
mu_11_bgm02_tpy01#0,"""Trainia - Trinitas"""
mu_11_bgm02_tpcf#0,"""Trainia - Trinitas - Failed"""
mu_11_bgm02_tpcs#0,"""Trainia - Trinitas - Success"""
mu_11_bgm02_ct_k01#0,"""Kvaris Lodge - Snow-covered town"""
mu_11_bgm02_ct_k02#0,"""Kvaris Lodge"""
mu_11_bgm02_rg03_01#0,"""Solitude within the Blizzard -"""
mu_11_bgm02_rg03_04#0,"""Silence in the Snowfield"""
mu_11_bgm02_rg03_05#0,"""Belugana Ruins"""
mu_11_bgm02_rg03_06#0,"""Lost Central"""
mu_11_bgm02_rg03_07#0,"""Rayjord Gorge"""
11_bgm02_col_rg01_05#0,"""Paracabana Coast"""
11_bgm02_col_rg01_06#0,"""Wopal - Facility"""
11_bgm02_col_rg01_07#0,"""PSO - Forest"""
11_bgm02_col_rg01_08#0,"""Abandoned City,Mellvore"""
11_bgm02_col_rg01_09#0,"""PSZ - Desert Plains Battle"""
11_bgm02_col_rg01_10#0,"""Palma"""
11_bgm02_col_rg03_02#0,"""Clyez Linear Line"""
11_bgm02_col_rg03_03#0,"""Dezoris"""
11_bgm02_col_rg03_04#0,"""PSZ - Snow Plains Battle"""
11_bgm02_col_rg03_05#0,"""Naberius - Frozen Tundra"""
11_bgm02_col_rg03_06#0,"""Flowing"""
11_bgm02_col_rg03_07#0,"""Leavin flow"""
11_bgm02_col_rg03_08#0,"""Valentine (PSO)"""
11_bgm02_col_rg03_09#0,"""Naberius - Frozen Tundra"""
11_bgm02_col_rg03_10#0,"""PSZ - Snow Plains"""
mu_11_bgm02_qw02#0,"""Reach the Enemy 2"""
11_bgm02_qw02#0,"""Reach the Enemy 2"""
mu_11_bgm02_qw02_i#0,"""Reach the Enemy 2"""
mu_11_bgm02_boss_rg03_m01#0,"""Ice Crush"""
mu_11_bgm02_boss_rg03_b01#0,"""Frosty Incarnation"""
mu_11_bgm02_boss_rg03_kh#0,"""FloWarrior - Ams Kvaris"""
mu_11_bgm02_boss_f02_2#0,"""Dark Falz - Second Invasion R.2"""
mu_11_bgm02_enemy_st2#0,"""Awoken from Permafrost"""
mu_11_bgm02_sparring_before01#0,"""Trainia Advance - Cannonball - Stand-by"""
mu_11_bgm02_sparring01#0,"""Trainia Advance - Cannonball"""
mu_11_bgm02_sparring_result01#0,"""Trainia Advance - Cannonball - Result"""
mu_11_bgm02_sb01#0,"""Soaring Bright Line"""
mu_11_bgm02_sparring01_2#0,"""Trainia Advance - Cannonball"""
mu_11_bgm02_boss_rg04_m01#0,"""Scorching Warfare"""
mu_11_bgm02_boss_rg04_b01#0,"""Hinokami"""
mu_11_bgm02_boss_rg04_ns#0,"""Flame of Fate"""
mu_11_bgm02_boss_rg04_nv#0,"""Flame of Fate"""
mu_11_bgm02_ct_s01#0,"""Stia Camp - Hopeless Frontline"""
mu_11_bgm02_ct_s02#0,"""Stia Camp"""
mu_11_bgm02_rg04_01#0,"""Stia Outskirts"""
mu_11_bgm02_rg04_02#0,"""Dreisen Plant"""
mu_11_bgm02_rg04_03#0,"""Stia Outskirts"""
mu_11_bgm02_rg04_04#0,"""Infernal Realm"""
mu_11_bgm02_rg04_05#0,"""Vulcanus"""
mu_11_bgm02_rg04_06#0,"""Neusen Plant"""
mu_11_bgm02_enemy_st3#0,"""Slashing Blaze"""
11_bgm02_col_rg04_02#0,"""Amduscia - Skyscape"""
11_bgm02_col_rg04_03#0,"""Silent Zone (PSII)"""
11_bgm02_col_rg04_04#0,"""PSO - VR Temple"""
11_bgm02_col_rg04_05#0,"""Rappy Slots"""
11_bgm02_col_rg04_06#0,"""Contamination -Fire-"""
11_bgm02_col_rg04_07#0,"""Amduscia - Skyscape"""
11_bgm02_col_rg04_08#0,"""Brave Fight"""
11_bgm02_col_rg04_09#0,"""Mothership - First Half"""
11_bgm02_col_rg04_10#0,"""Ignite Infinity"""
mu_11_bgm02_boss_f03_1#0,"""Dark Falz - Final Battle"""
mu_11_bgm02_boss_f03_2#0,"""Our Life, Our Scars"""
mu_11_bgm02_boss_f03_clear#0,"""Dark Falz - Final Battle - Clear"""
mu_11_bgm02_boss_rg05_vv#0,"""Venogia Vera"""
mu_11_bgm02_boss_rg05_vv_before#0,"""Venogia Vera - Stand-by"""
mu_11_bgm02_duel01#0,"""The Duel"""
mu_11_bgm02_creative#0,"""Creative Space"""
mu_11_bgm02_boss_sdf01#0,"""Dark Falz Solus"""
mu_11_bgm02_boss_sdf01_before#0,"""Dark Falz Solus - Stand-by"""
mu_11_bgm02_growup_before#0,"""Leciel Exploration - Stand-by"""
mu_11_bgm02_growup01#0,"""Leciel Exploration"""
mu_11_bgm02_boss_growup#0,"""Leciel Exploration - Final Battle"""
mu_11_bgm02_boss_sf_sb#0,"""A Sign of Dark Falz - Starless"""
mu_11_bgm02_defense_2#0,"""Resonant Arms Zwei"""
mu_11_bgm02_boss_hd#0,"""Tyrant"""
11_bgm02_iede#0,"""Naberius - Frozen Tundra"""
11_bgm02_nexc_01#0,"""PSO - Forest"""
11_bgm02_nexc_02#0,"""PSO - Forest"""
11_bgm02_nexc_03#0,"""Dragon Battle"""
mu_11_bgm02_boss_f03_2re#0,"""Our Life, Our Scars - Malignant Ver."""
mu_11_bgm02_aina_1#0,"""Desert Exploration"""
mu_11_bgm02_quest_time_1#0,"""Annihilation"""
mu_11_bgm02_vitalize#0,"""Crimson Realm """
mu_11_bgm02_boss_sdf02#0,"""Dark Falz Dalion"""
11_bgm02_quest_teni24#0,"""Song of Battle ~Against Fate~ - Anniversary"""
mu_11_bgm02_builtup#0,"""Nameless City"""
mu_11_bgm02_builtup_racing#0,"""Nameless City - Race to Unlock"""
11_bgm02_quest_summer01_1#0,"""PSO - Central Control Area"""
11_bgm02_quest_summer01_2#0,"""Gal Gryphon Battle"""
mu_11_bgm02_boss_sdf01_2_before#0,"""Dark Falz Solus Rank 2 - Stand-by"""
mu_11_bgm02_boss_sdf01_2#0,"""Dark Falz Solus Rank 2"""
11_bgm02_quest_tower#0,"""Tower of Caelum"""
11_bgm02_quest_bossrush#0,"""Versus 1"""
mu_11_bgm02_asemo_before#0,"""Armada \""Standby Area\"""""
mu_11_bgm02_asemo_pl#0,"""PSO2 Main Theme Ver. 7"""
mu_11_bgm02_asemo_na#0,"""Demoire Dominus Battle"""
11_bgm02_quest_ruinus_01#0,"""Falz Angel Battle"""
11_bgm02_quest_ruinus_02#0,"""Dark Ragne Battle"""
11_bgm02_quest_ruinus_03#0,"""Mining Base Defense 1"""
